epoch,train/acc,train/base_lr,train/coco/bbox_mAP,train/coco/bbox_mAP_50,train/coco/bbox_mAP_75,train/coco/bbox_mAP_l,train/coco/bbox_mAP_m,train/coco/bbox_mAP_s,train/data_time,train/loss,train/loss_bbox,train/loss_cls,train/loss_rpn_bbox,train/loss_rpn_cls,train/lr,train/memory,train/time,val/acc,val/base_lr,val/coco/bbox_mAP,val/coco/bbox_mAP_50,val/coco/bbox_mAP_75,val/coco/bbox_mAP_l,val/coco/bbox_mAP_m,val/coco/bbox_mAP_s,val/data_time,val/iter,val/loss,val/loss_bbox,val/loss_cls,val/loss_rpn_bbox,val/loss_rpn_cls,val/lr,val/memory,val/step,val/time,test/coco_bbox_mAP,test/coco_bbox_mAP_50,test/coco_bbox_mAP_75,test/coco_bbox_mAP_l,test/coco_bbox_mAP_m,test/coco_bbox_mAP_s
1.0,98.423415,0.000076,,,,,,,0.014624,0.183747,0.043381,0.057693,0.007649,0.075025,0.000008,2643.451923,0.198242,,,,,,,,,,,,,,,,,,,,,,,,,
2.0,98.827186,0.000100,,,,,,,0.014556,0.089418,0.049244,0.029956,0.005186,0.005032,0.000010,2631.125000,0.193644,,,,,,,,,,,,,,,,,,,,,,,,,
3.0,98.963341,0.000100,,,,,,,0.014549,0.077547,0.044593,0.025391,0.004208,0.003355,0.000010,2633.923077,0.193182,,,,,,,,,,,,,,,,,,,,,,,,,
4.0,99.088229,0.000100,,,,,,,0.014565,0.072740,0.042594,0.023561,0.003893,0.002692,0.000010,2657.548077,0.194055,,,,,,,,,,,,,,,,,,,,,,,,,
5.0,99.084473,0.000100,,,,,,,0.014702,0.068341,0.040973,0.021364,0.003810,0.002195,0.000010,2637.471154,0.193629,,,,,,,,,,,,,,,,,,,,,,,,,
6.0,99.123911,0.000099,,,,,,,0.014686,0.065276,0.039545,0.020428,0.003533,0.001770,0.000010,2648.019231,0.193144,,,,,,,,,,,,,,,,,,,,,,,,,
7.0,99.116399,0.000099,,,,,,,0.014413,0.062965,0.038282,0.019525,0.003463,0.001695,0.000010,2646.403846,0.193840,,,,,,,,,,,,,,,,,,,,,,,,,
8.0,99.247859,0.000099,,,,,,,0.014557,0.054909,0.033862,0.016360,0.003253,0.001434,0.000010,2650.855769,0.193235,,,,,,,,,,,,,,,,,,,,,,,,,
9.0,99.337064,0.000098,,,,,,,0.014641,0.053675,0.033384,0.015742,0.003169,0.001380,0.000010,2646.423077,0.194079,,,,,,,,,,,,,,,,,,,,,,,,,
10.0,99.338942,0.000098,,,,,,,0.014916,0.051230,0.031564,0.015365,0.003040,0.001261,0.000010,2649.259615,0.195137,,,,,,,,,,,,,,,,,,,,,,,,,
11.0,99.303260,0.000098,,,,,,,0.014868,0.052126,0.032865,0.015373,0.002904,0.000984,0.000010,2651.115385,0.194763,,,,,,,,,,,,,,,,,,,,,,,,,
12.0,99.382136,0.000097,,,,,,,0.014938,0.048966,0.030791,0.014086,0.002960,0.001130,0.000010,2644.903846,0.195245,,,,,,,,,,,,,,,,,,,,,,,,,
13.0,99.464769,0.000097,,,,,,,0.014709,0.047454,0.030372,0.013342,0.002817,0.000923,0.000010,2631.692308,0.193737,,,,,,,,,,,,,,,,,,,,,,,,,
14.0,99.424392,0.000096,,,,,,,0.014710,0.048133,0.030433,0.013893,0.002786,0.001021,0.000010,2661.625000,0.194577,,,,,,,,,,,,,,,,,,,,,,,,,
15.0,99.432843,0.000095,,,,,,,0.014780,0.044895,0.028591,0.012707,0.002639,0.000959,0.000010,2635.211538,0.194123,,,,,,,,,,,,,,,,,,,,,,,,,
16.0,99.519231,0.000095,,,,,,,0.014486,0.042757,0.027752,0.011730,0.002592,0.000683,0.000010,2646.480769,0.193934,,,,,,,,,,,,,,,,,,,,,,,,,
17.0,99.471342,0.000094,,,,,,,0.014749,0.041554,0.026672,0.011546,0.002571,0.000765,0.000009,2636.125000,0.193679,,,,,,,,,,,,,,,,,,,,,,,,,
18.0,99.509841,0.000093,,,,,,,0.014989,0.043177,0.027604,0.012206,0.002648,0.000718,0.000009,2662.500000,0.195547,,,,,,,,,,,,,,,,,,,,,,,,,
19.0,99.489183,0.000092,,,,,,,0.015017,0.045129,0.029081,0.012868,0.002552,0.000628,0.000009,2653.326923,0.195607,,,,,,,,,,,,,,,,,,,,,,,,,
20.0,99.538950,0.000091,,,,,,,0.014842,0.041356,0.026630,0.011676,0.002343,0.000708,0.000009,2649.125000,0.194901,,,,,,,,,,,,,,,,,,,,,,,,,
21.0,99.514536,0.000091,,,,,,,0.014427,0.040956,0.026514,0.011347,0.002434,0.000661,0.000009,2634.798077,0.193917,,,,,,,,,,,,,,,,,,,,,,,,,
22.0,99.539889,0.000090,,,,,,,0.014872,0.039367,0.025658,0.010782,0.002345,0.000582,0.000009,2649.644231,0.194852,,,,,,,,,,,,,,,,,,,,,,,,,
23.0,99.520170,0.000089,,,,,,,0.014918,0.037854,0.024407,0.010504,0.002378,0.000565,0.000009,2628.576923,0.194693,,,,,,,,,,,,,,,,,,,,,,,,,
24.0,99.522048,0.000088,,,,,,,0.014910,0.036734,0.024153,0.009863,0.002225,0.000493,0.000009,2624.980769,0.194306,,,,,,,,,,,,,,,,,,,,,,,,,
25.0,99.522048,0.000087,,,,,,,0.014641,0.038822,0.025291,0.010769,0.002204,0.000558,0.000009,2625.846154,0.193009,,,,,,,,,,,,,,,,,,,,,,,,,
26.0,99.571815,0.000086,,,,,,,0.014457,0.038544,0.024998,0.010888,0.002229,0.000428,0.000009,2650.173077,0.194180,,,,,,,,,,,,,,,,,,,,,,,,,
27.0,99.563364,0.000084,,,,,,,0.014449,0.037123,0.024225,0.010277,0.002165,0.000457,0.000009,2633.576923,0.193760,,,,,,,,,,,,,,,,,,,,,,,,,
28.0,99.611253,0.000083,,,,,,,0.014541,0.036664,0.024191,0.009943,0.002135,0.000395,0.000008,2637.086538,0.194333,,,,,,,,,,,,,,,,,,,,,,,,,
29.0,99.600924,0.000082,,,,,,,0.014923,0.035655,0.023214,0.009924,0.002105,0.000413,0.000008,2638.942308,0.194520,,,,,,,,,,,,,,,,,,,,,,,,,
30.0,99.582144,0.000081,,,,,,,0.014895,0.034327,0.022475,0.009337,0.002055,0.000460,0.000008,2630.519231,0.194739,,,,,,,,,,,,,,,,,,,,,,,,,
31.0,99.604680,0.000080,,,,,,,0.014997,0.033467,0.021931,0.009088,0.001967,0.000480,0.000008,2648.528846,0.193716,,,,,,,,,,,,,,,,,,,,,,,,,
32.0,99.621582,0.000078,,,,,,,0.014925,0.033377,0.022035,0.008942,0.001960,0.000440,0.000008,2644.076923,0.194184,,,,,,,,,,,,,,,,,,,,,,,,,
33.0,99.609375,0.000077,,,,,,,0.015077,0.033492,0.022086,0.009114,0.001937,0.000354,0.000008,2645.355769,0.195343,,,,,,,,,,,,,,,,,,,,,,,,,
34.0,99.637545,0.000076,,,,,,,0.014755,0.032130,0.021045,0.008741,0.001923,0.000421,0.000008,2643.567308,0.193235,,,,,,,,,,,,,,,,,,,,,,,,,
35.0,99.644118,0.000074,,,,,,,0.014943,0.032489,0.021104,0.008989,0.001911,0.000485,0.000008,2648.096154,0.194761,,,,,,,,,,,,,,,,,,,,,,,,,
36.0,99.615009,0.000073,,,,,,,0.014821,0.030809,0.020236,0.008360,0.001881,0.000332,0.000008,2633.567308,0.194670,,,,,,,,,,,,,,,,,,,,,,,,,
37.0,99.666654,0.000072,,,,,,,0.014798,0.030755,0.020159,0.008438,0.001794,0.000364,0.000007,2632.201923,0.192790,,,,,,,,,,,,,,,,,,,,,,,,,
38.0,99.642240,0.000070,,,,,,,0.015037,0.028742,0.018632,0.007903,0.001904,0.000303,0.000007,2637.432692,0.195961,,,,,,,,,,,,,,,,,,,,,,,,,
39.0,99.652569,0.000069,,,,,,,0.014945,0.028290,0.018411,0.007716,0.001834,0.000329,0.000007,2649.644231,0.195402,,,,,,,,,,,,,,,,,,,,,,,,,
40.0,99.641301,0.000067,,,,,,,0.014760,0.029296,0.019288,0.007934,0.001728,0.000345,0.000007,2629.615385,0.195417,,,,,,,,,,,,,,,,,,,,,,,,,
41.0,99.627216,0.000066,,,,,,,0.014830,0.028991,0.018787,0.008085,0.001792,0.000327,0.000007,2657.471154,0.195387,,,,,,,,,,,,,,,,,,,,,,,,,
42.0,99.646935,0.000064,,,,,,,0.014681,0.030245,0.019887,0.008373,0.001711,0.000274,0.000007,2640.451923,0.195672,,,,,,,,,,,,,,,,,,,,,,,,,
43.0,99.584961,0.000063,,,,,,,0.014394,0.030002,0.019696,0.008311,0.001698,0.000297,0.000007,2648.778846,0.191951,,,,,,,,,,,,,,,,,,,,,,,,,
44.0,99.661020,0.000061,,,,,,,0.014507,0.029746,0.019496,0.008306,0.001667,0.000276,0.000006,2623.730769,0.193975,,,,,,,,,,,,,,,,,,,,,,,,,
45.0,99.664776,0.000060,,,,,,,0.014717,0.027624,0.017942,0.007703,0.001699,0.000280,0.000006,2653.221154,0.194095,,,,,,,,,,,,,,,,,,,,,,,,,
46.0,99.726750,0.000058,,,,,,,0.014151,0.025394,0.016673,0.006886,0.001620,0.000214,0.000006,2644.355769,0.191709,,,,,,,,,,,,,,,,,,,,,,,,,
47.0,99.707970,0.000057,,,,,,,0.014426,0.025522,0.016774,0.006960,0.001569,0.000219,0.000006,2639.788462,0.194125,,,,,,,,,,,,,,,,,,,,,,,,,
48.0,99.650691,0.000055,,,,,,,0.014741,0.026599,0.017437,0.007340,0.001536,0.000286,0.000006,2659.548077,0.194571,,,,,,,,,,,,,,,,,,,,,,,,,
49.0,99.717360,0.000054,,,,,,,0.014463,0.024799,0.016337,0.006620,0.001546,0.000295,0.000006,2627.115385,0.192789,,,,,,,,,,,,,,,,,,,,,,,,,
50.0,99.761493,0.000052,,,,,,,0.014502,0.024373,0.016074,0.006470,0.001543,0.000287,0.000006,2627.403846,0.192568,,,,,,,,,,,,,,,,,,,,,,,,,
51.0,99.765249,0.000051,,,,,,,0.014334,0.023551,0.015560,0.006297,0.001445,0.000249,0.000005,2638.076923,0.191598,,,,,,,,,,,,,,,,,,,,,,,,,
52.0,99.722055,0.000049,,,,,,,0.014577,0.025197,0.016628,0.006886,0.001461,0.000222,0.000005,2642.634615,0.192553,,,,,,,,,,,,,,,,,,,,,,,,,
53.0,99.685434,0.000047,,,,,,,0.014562,0.024703,0.016247,0.006731,0.001432,0.000294,0.000005,2631.788462,0.192177,,,,,,,,,,,,,,,,,,,,,,,,,
54.0,99.733323,0.000046,,,,,,,0.014825,0.023415,0.015449,0.006349,0.001401,0.000216,0.000005,2624.451923,0.192908,,,,,,,,,,,,,,,,,,,,,,,,,
55.0,99.781212,0.000044,,,,,,,0.014946,0.022616,0.014902,0.006136,0.001375,0.000204,0.000005,2655.038462,0.194865,,,,,,,,,,,,,,,,,,,,,,,,,
56.0,99.731445,0.000043,,,,,,,0.014849,0.021904,0.014665,0.005673,0.001398,0.000167,0.000005,2658.538462,0.193528,,,,,,,,,,,,,,,,,,,,,,,,,
57.0,99.744591,0.000041,,,,,,,0.014754,0.023034,0.015275,0.006170,0.001357,0.000231,0.000005,2653.009615,0.193582,,,,,,,,,,,,,,,,,,,,,,,,,
58.0,99.730506,0.000040,,,,,,,0.014776,0.022681,0.014851,0.006278,0.001372,0.000181,0.000005,2633.048077,0.194406,,,,,,,,,,,,,,,,,,,,,,,,,
59.0,99.768066,0.000038,,,,,,,0.014688,0.022864,0.015175,0.006147,0.001308,0.000234,0.000004,2643.750000,0.193604,,,,,,,,,,,,,,,,,,,,,,,,,
60.0,99.764310,0.000037,,,,,,,0.014744,0.021969,0.014492,0.005967,0.001331,0.000179,0.000004,2642.076923,0.193369,,,,,,,,,,,,,,,,,,,,,,,,,
61.0,99.736140,0.000035,,,,,,,0.014389,0.021917,0.014576,0.005855,0.001277,0.000208,0.000004,2641.153846,0.192169,,,,,,,,,,,,,,,,,,,,,,,,,
62.0,99.773700,0.000034,,,,,,,0.014635,0.021308,0.014248,0.005571,0.001280,0.000209,0.000004,2652.538462,0.193551,,,,,,,,,,,,,,,,,,,,,,,,,
63.0,99.733323,0.000032,,,,,,,0.014516,0.020170,0.013303,0.005470,0.001247,0.000150,0.000004,2615.067308,0.192828,,,,,,,,,,,,,,,,,,,,,,,,,
64.0,99.761493,0.000031,,,,,,,0.014708,0.021070,0.013932,0.005712,0.001224,0.000202,0.000004,2644.653846,0.194349,,,,,,,,,,,,,,,,,,,,,,,,,
65.0,99.775578,0.000029,,,,,,,0.014511,0.020099,0.013341,0.005394,0.001209,0.000155,0.000004,2640.596154,0.193082,,,,,,,,,,,,,,,,,,,,,,,,,
66.0,99.753981,0.000028,,,,,,,0.014744,0.019237,0.012708,0.005113,0.001239,0.000176,0.000003,2635.711538,0.194391,,,,,,,,,,,,,,,,,,,,,,,,,
67.0,99.780273,0.000027,,,,,,,0.014636,0.018432,0.012089,0.004966,0.001185,0.000192,0.000003,2634.778846,0.192628,,,,,,,,,,,,,,,,,,,,,,,,,
68.0,99.772761,0.000025,,,,,,,0.014883,0.018776,0.012409,0.005041,0.001167,0.000159,0.000003,2642.875000,0.194774,,,,,,,,,,,,,,,,,,,,,,,,,
69.0,99.789663,0.000024,,,,,,,0.014764,0.017777,0.011727,0.004847,0.001076,0.000126,0.000003,2661.355769,0.193279,,,,,,,,,,,,,,,,,,,,,,,,,
70.0,99.781212,0.000023,,,,,,,0.014870,0.018082,0.011986,0.004803,0.001119,0.000173,0.000003,2637.125000,0.193083,,,,,,,,,,,,,,,,,,,,,,,,,
71.0,99.785907,0.000021,,,,,,,0.014545,0.018452,0.012166,0.004978,0.001114,0.000195,0.000003,2645.788462,0.192802,,,,,,,,,,,,,,,,,,,,,,,,,
72.0,99.798114,0.000020,,,,,,,0.014640,0.017966,0.011807,0.004897,0.001110,0.000152,0.000003,2645.826923,0.192879,,,,,,,,,,,,,,,,,,,,,,,,,
73.0,99.809383,0.000019,,,,,,,0.014422,0.016905,0.011097,0.004591,0.001072,0.000145,0.000003,2617.346154,0.193150,,,,,,,,,,,,,,,,,,,,,,,,,
74.0,99.826285,0.000018,,,,,,,0.014520,0.016937,0.011090,0.004596,0.001057,0.000194,0.000003,2638.182692,0.192635,,,,,,,,,,,,,,,,,,,,,,,,,
75.0,99.814078,0.000017,,,,,,,0.014512,0.017066,0.011232,0.004645,0.001039,0.000150,0.000002,2658.778846,0.193467,,,,,,,,,,,,,,,,,,,,,,,,,
76.0,99.839431,0.000015,,,,,,,0.014732,0.016713,0.011036,0.004533,0.001007,0.000137,0.000002,2651.923077,0.193802,,,,,,,,,,,,,,,,,,,,,,,,,
77.0,99.803748,0.000014,,,,,,,0.014668,0.016388,0.010897,0.004348,0.001003,0.000141,0.000002,2650.278846,0.193411,,,,,,,,,,,,,,,,,,,,,,,,,
78.0,99.802809,0.000013,,,,,,,0.014739,0.016342,0.010755,0.004406,0.001042,0.000139,0.000002,2634.144231,0.193370,,,,,,,,,,,,,,,,,,,,,,,,,
79.0,99.790602,0.000012,,,,,,,0.015002,0.016171,0.010654,0.004388,0.001003,0.000126,0.000002,2638.961538,0.195025,,,,,,,,,,,,,,,,,,,,,,,,,
80.0,99.804688,0.000011,,,,,,,0.015044,0.015917,0.010497,0.004295,0.000978,0.000147,0.000002,2657.086538,0.194883,,,,,,,,,,,,,,,,,,,,,,,,,
81.0,99.796236,0.000010,,,,,,,0.014427,0.015547,0.010307,0.004149,0.000939,0.000151,0.000002,2636.413462,0.192137,,,,,,,,,,,,,,,,,,,,,,,,,
82.0,99.819712,0.000010,,,,,,,0.014491,0.015388,0.010155,0.004147,0.000970,0.000117,0.000002,2635.528846,0.194038,,,,,,,,,,,,,,,,,,,,,,,,,
83.0,99.834736,0.000009,,,,,,,0.014867,0.015121,0.010016,0.004048,0.000930,0.000127,0.000002,2648.201923,0.193458,,,,,,,,,,,,,,,,,,,,,,,,,
84.0,99.819712,0.000008,,,,,,,0.015014,0.015048,0.009896,0.004066,0.000944,0.000142,0.000002,2650.211538,0.194268,,,,,,,,,,,,,,,,,,,,,,,,,
85.0,99.815956,0.000007,,,,,,,0.014988,0.015063,0.009921,0.004032,0.000946,0.000165,0.000002,2645.086538,0.194184,,,,,,,,,,,,,,,,,,,,,,,,,
86.0,99.841309,0.000006,,,,,,,0.014609,0.014674,0.009667,0.003939,0.000920,0.000147,0.000001,2647.413462,0.193088,,,,,,,,,,,,,,,,,,,,,,,,,
87.0,99.815017,0.000006,,,,,,,0.014468,0.015121,0.009958,0.004131,0.000903,0.000129,0.000001,2659.846154,0.193440,,,,,,,,,,,,,,,,,,,,,,,,,
88.0,99.826285,0.000005,,,,,,,0.014647,0.014575,0.009488,0.004019,0.000922,0.000146,0.000001,2645.413462,0.192598,,,,,,,,,,,,,,,,,,,,,,,,,
89.0,99.815956,0.000004,,,,,,,0.014740,0.014730,0.009659,0.003996,0.000932,0.000142,0.000001,2662.798077,0.193531,,,,,,,,,,,,,,,,,,,,,,,,,
90.0,99.830980,0.000004,,,,,,,0.016462,0.014724,0.009736,0.003999,0.000876,0.000112,0.000001,2642.115385,0.210286,,,,,,,,,,,,,,,,,,,,,,,,,
91.0,99.829102,0.000003,,,,,,,0.017072,0.014588,0.009524,0.004005,0.000887,0.000172,0.000001,2632.201923,0.222917,,,,,,,,,,,,,,,,,,,,,,,,,
92.0,99.847882,0.000003,,,,,,,0.017517,0.014241,0.009296,0.003947,0.000873,0.000124,0.000001,2632.067308,0.219851,,,,,,,,,,,,,,,,,,,,,,,,,
93.0,99.838492,0.000003,,,,,,,0.017116,0.014092,0.009283,0.003798,0.000890,0.000122,0.000001,2634.057692,0.220040,,,,,,,,,,,,,,,,,,,,,,,,,
94.0,99.832858,0.000002,,,,,,,0.016810,0.014358,0.009401,0.003937,0.000883,0.000136,0.000001,2668.317308,0.223124,,,,,,,,,,,,,,,,,,,,,,,,,
95.0,99.829102,0.000002,,,,,,,0.016875,0.014395,0.009402,0.003942,0.000900,0.000150,0.000001,2659.326923,0.223503,,,,,,,,,,,,,,,,,,,,,,,,,
96.0,99.825346,0.000002,,,,,,,0.016811,0.014447,0.009356,0.004093,0.000874,0.000124,0.000001,2633.336538,0.219704,,,,,,,,,,,,,,,,,,,,,,,,,
97.0,99.842248,0.000001,,,,,,,0.015814,0.014302,0.009378,0.003874,0.000881,0.000169,0.000001,2610.826923,0.202654,,,,,,,,,,,,,,,,,,,,,,,,,
98.0,99.847882,0.000001,,,,,,,0.016078,0.014486,0.009509,0.003926,0.000884,0.000166,0.000001,2627.163462,0.202186,,,,,,,,,,,,,,,,,,,,,,,,,
99.0,99.840370,0.000001,,,,,,,0.016558,0.014038,0.009269,0.003803,0.000851,0.000115,0.000001,2641.028846,0.203334,,,,,,,,,,,,,,,,,,,,,,,,,
100.0,99.837553,0.000001,,,,,,,0.015601,0.014232,0.009349,0.003880,0.000863,0.000139,0.000001,2634.355769,0.202358,,,,,,,,,,,,,,,,,,,,,,,,,
,,,,,,,,,,,,,,,,,,,,0.312000,0.604000,0.257000,0.700000,0.581000,0.286000,0.002354,,,,,,,,,1.000000,0.040028,,,,,,
,,,,,,,,,,,,,,,,,,,,0.413000,0.635000,0.498000,0.600000,0.616000,0.393000,0.002248,,,,,,,,,2.000000,0.037034,,,,,,
,,,,,,,,,,,,,,,,,,,,0.413000,0.634000,0.502000,0.600000,0.693000,0.386000,0.002224,,,,,,,,,3.000000,0.037055,,,,,,
,,,,,,,,,,,,,,,,,,,,0.446000,0.649000,0.548000,0.800000,0.740000,0.415000,0.002272,,,,,,,,,4.000000,0.037090,,,,,,
,,,,,,,,,,,,,,,,,,,,0.437000,0.655000,0.540000,0.700000,0.708000,0.409000,0.002282,,,,,,,,,5.000000,0.037583,,,,,,
,,,,,,,,,,,,,,,,,,,,0.459000,0.654000,0.569000,0.900000,0.733000,0.428000,0.002179,,,,,,,,,6.000000,0.036857,,,,,,
,,,,,,,,,,,,,,,,,,,,0.481000,0.667000,0.578000,0.800000,0.729000,0.453000,0.002205,,,,,,,,,7.000000,0.036854,,,,,,
,,,,,,,,,,,,,,,,,,,,0.465000,0.647000,0.555000,0.800000,0.767000,0.434000,0.002276,,,,,,,,,8.000000,0.036600,,,,,,
,,,,,,,,,,,,,,,,,,,,0.452000,0.638000,0.565000,0.700000,0.765000,0.421000,0.002217,,,,,,,,,9.000000,0.036760,,,,,,
,,,,,,,,,,,,,,,,,,,,0.447000,0.658000,0.561000,0.600000,0.710000,0.420000,0.002198,,,,,,,,,10.000000,0.037618,,,,,,
,,,,,,,,,,,,,,,,,,,,0.444000,0.618000,0.537000,0.700000,0.762000,0.410000,0.002276,,,,,,,,,11.000000,0.037115,,,,,,
,,,,,,,,,,,,,,,,,,,,0.471000,0.663000,0.578000,0.800000,0.761000,0.441000,0.002195,,,,,,,,,12.000000,0.036955,,,,,,
,,,,,,,,,,,,,,,,,,,,0.471000,0.671000,0.579000,0.800000,0.748000,0.443000,0.002275,,,,,,,,,13.000000,0.037106,,,,,,
,,,,,,,,,,,,,,,,,,,,0.479000,0.653000,0.597000,0.800000,0.749000,0.449000,0.002222,,,,,,,,,14.000000,0.036939,,,,,,
,,,,,,,,,,,,,,,,,,,,0.473000,0.678000,0.569000,0.900000,0.772000,0.441000,0.002271,,,,,,,,,15.000000,0.037384,,,,,,
,,,,,,,,,,,,,,,,,,,,0.455000,0.626000,0.554000,1.000000,0.752000,0.423000,0.002248,,,,,,,,,16.000000,0.036675,,,,,,
,,,,,,,,,,,,,,,,,,,,0.468000,0.638000,0.589000,0.800000,0.796000,0.433000,0.002271,,,,,,,,,17.000000,0.036864,,,,,,
,,,,,,,,,,,,,,,,,,,,0.476000,0.655000,0.588000,0.800000,0.744000,0.449000,0.002255,,,,,,,,,18.000000,0.036650,,,,,,
,,,,,,,,,,,,,,,,,,,,0.473000,0.659000,0.576000,0.900000,0.760000,0.443000,0.002314,,,,,,,,,19.000000,0.036774,,,,,,
,,,,,,,,,,,,,,,,,,,,0.490000,0.673000,0.598000,0.700000,0.782000,0.459000,0.002267,,,,,,,,,20.000000,0.038101,,,,,,
,,,,,,,,,,,,,,,,,,,,0.490000,0.683000,0.599000,0.800000,0.776000,0.460000,0.002175,,,,,,,,,21.000000,0.036795,,,,,,
,,,,,,,,,,,,,,,,,,,,0.481000,0.654000,0.583000,0.700000,0.781000,0.449000,0.002236,,,,,,,,,22.000000,0.037117,,,,,,
,,,,,,,,,,,,,,,,,,,,0.478000,0.645000,0.583000,0.800000,0.799000,0.444000,0.002274,,,,,,,,,23.000000,0.037190,,,,,,
,,,,,,,,,,,,,,,,,,,,0.470000,0.660000,0.577000,0.900000,0.778000,0.436000,0.002326,,,,,,,,,24.000000,0.037185,,,,,,
,,,,,,,,,,,,,,,,,,,,0.475000,0.657000,0.586000,0.800000,0.777000,0.443000,0.002218,,,,,,,,,25.000000,0.037741,,,,,,
,,,,,,,,,,,,,,,,,,,,0.491000,0.658000,0.593000,0.800000,0.796000,0.457000,0.002285,,,,,,,,,26.000000,0.037417,,,,,,
,,,,,,,,,,,,,,,,,,,,0.496000,0.669000,0.598000,0.800000,0.811000,0.461000,0.002364,,,,,,,,,27.000000,0.037097,,,,,,
,,,,,,,,,,,,,,,,,,,,0.487000,0.666000,0.597000,0.900000,0.780000,0.457000,0.002259,,,,,,,,,28.000000,0.037413,,,,,,
,,,,,,,,,,,,,,,,,,,,0.489000,0.666000,0.597000,0.700000,0.789000,0.458000,0.002272,,,,,,,,,29.000000,0.037272,,,,,,
,,,,,,,,,,,,,,,,,,,,0.486000,0.648000,0.594000,0.900000,0.788000,0.453000,0.002296,,,,,,,,,30.000000,0.038298,,,,,,
,,,,,,,,,,,,,,,,,,,,0.481000,0.646000,0.587000,0.900000,0.774000,0.450000,0.002319,,,,,,,,,31.000000,0.037074,,,,,,
,,,,,,,,,,,,,,,,,,,,0.488000,0.650000,0.602000,0.800000,0.791000,0.457000,0.002272,,,,,,,,,32.000000,0.037065,,,,,,
,,,,,,,,,,,,,,,,,,,,0.497000,0.660000,0.608000,0.800000,0.805000,0.464000,0.002259,,,,,,,,,33.000000,0.037019,,,,,,
,,,,,,,,,,,,,,,,,,,,0.485000,0.646000,0.588000,0.900000,0.802000,0.451000,0.002293,,,,,,,,,34.000000,0.037325,,,,,,
,,,,,,,,,,,,,,,,,,,,0.493000,0.650000,0.601000,0.900000,0.804000,0.460000,0.002272,,,,,,,,,35.000000,0.038022,,,,,,
,,,,,,,,,,,,,,,,,,,,0.494000,0.668000,0.590000,0.800000,0.763000,0.469000,0.002300,,,,,,,,,36.000000,0.036973,,,,,,
,,,,,,,,,,,,,,,,,,,,0.500000,0.659000,0.599000,0.800000,0.799000,0.468000,0.002305,,,,,,,,,37.000000,0.037402,,,,,,
,,,,,,,,,,,,,,,,,,,,0.482000,0.620000,0.580000,0.900000,0.804000,0.447000,0.002290,,,,,,,,,38.000000,0.037245,,,,,,
,,,,,,,,,,,,,,,,,,,,0.484000,0.653000,0.586000,0.900000,0.791000,0.451000,0.002324,,,,,,,,,39.000000,0.037100,,,,,,
,,,,,,,,,,,,,,,,,,,,0.494000,0.657000,0.615000,0.900000,0.798000,0.462000,0.002243,,,,,,,,,40.000000,0.037553,,,,,,
,,,,,,,,,,,,,,,,,,,,0.505000,0.687000,0.597000,0.900000,0.823000,0.469000,0.002258,,,,,,,,,41.000000,0.037005,,,,,,
,,,,,,,,,,,,,,,,,,,,0.498000,0.661000,0.601000,0.800000,0.799000,0.466000,0.002280,,,,,,,,,42.000000,0.037135,,,,,,
,,,,,,,,,,,,,,,,,,,,0.505000,0.684000,0.603000,0.900000,0.778000,0.476000,0.002221,,,,,,,,,43.000000,0.036866,,,,,,
,,,,,,,,,,,,,,,,,,,,0.494000,0.660000,0.602000,0.900000,0.792000,0.462000,0.002270,,,,,,,,,44.000000,0.036897,,,,,,
,,,,,,,,,,,,,,,,,,,,0.500000,0.660000,0.611000,0.900000,0.813000,0.465000,0.002253,,,,,,,,,45.000000,0.037582,,,,,,
,,,,,,,,,,,,,,,,,,,,0.498000,0.657000,0.610000,0.800000,0.790000,0.467000,0.002221,,,,,,,,,46.000000,0.036693,,,,,,
,,,,,,,,,,,,,,,,,,,,0.503000,0.660000,0.608000,1.000000,0.825000,0.469000,0.002228,,,,,,,,,47.000000,0.036953,,,,,,
,,,,,,,,,,,,,,,,,,,,0.493000,0.659000,0.601000,0.900000,0.802000,0.460000,0.002244,,,,,,,,,48.000000,0.037037,,,,,,
,,,,,,,,,,,,,,,,,,,,0.495000,0.650000,0.595000,0.800000,0.810000,0.463000,0.002211,,,,,,,,,49.000000,0.036603,,,,,,
,,,,,,,,,,,,,,,,,,,,0.500000,0.667000,0.596000,0.900000,0.812000,0.466000,0.002309,,,,,,,,,50.000000,0.037413,,,,,,
,,,,,,,,,,,,,,,,,,,,0.506000,0.667000,0.610000,0.900000,0.799000,0.475000,0.002323,,,,,,,,,51.000000,0.037057,,,,,,
,,,,,,,,,,,,,,,,,,,,0.501000,0.669000,0.600000,0.800000,0.793000,0.471000,0.002236,,,,,,,,,52.000000,0.036843,,,,,,
,,,,,,,,,,,,,,,,,,,,0.491000,0.658000,0.599000,0.900000,0.806000,0.458000,0.002210,,,,,,,,,53.000000,0.036654,,,,,,
,,,,,,,,,,,,,,,,,,,,0.491000,0.649000,0.601000,0.900000,0.793000,0.461000,0.002318,,,,,,,,,54.000000,0.036604,,,,,,
,,,,,,,,,,,,,,,,,,,,0.489000,0.641000,0.587000,0.800000,0.800000,0.456000,0.002294,,,,,,,,,55.000000,0.037510,,,,,,
,,,,,,,,,,,,,,,,,,,,0.494000,0.641000,0.601000,0.900000,0.796000,0.463000,0.002246,,,,,,,,,56.000000,0.036933,,,,,,
,,,,,,,,,,,,,,,,,,,,0.497000,0.660000,0.597000,0.900000,0.784000,0.467000,0.002252,,,,,,,,,57.000000,0.036953,,,,,,
,,,,,,,,,,,,,,,,,,,,0.490000,0.639000,0.602000,0.900000,0.815000,0.455000,0.002245,,,,,,,,,58.000000,0.037453,,,,,,
,,,,,,,,,,,,,,,,,,,,0.486000,0.638000,0.590000,0.900000,0.801000,0.452000,0.002225,,,,,,,,,59.000000,0.036885,,,,,,
,,,,,,,,,,,,,,,,,,,,0.484000,0.631000,0.602000,0.900000,0.795000,0.449000,0.002390,,,,,,,,,60.000000,0.037850,,,,,,
,,,,,,,,,,,,,,,,,,,,0.486000,0.650000,0.601000,0.900000,0.801000,0.452000,0.002281,,,,,,,,,61.000000,0.037102,,,,,,
,,,,,,,,,,,,,,,,,,,,0.489000,0.640000,0.601000,0.900000,0.793000,0.456000,0.002238,,,,,,,,,62.000000,0.036662,,,,,,
,,,,,,,,,,,,,,,,,,,,0.494000,0.641000,0.602000,0.900000,0.795000,0.462000,0.002303,,,,,,,,,63.000000,0.037294,,,,,,
,,,,,,,,,,,,,,,,,,,,0.503000,0.656000,0.608000,0.900000,0.808000,0.470000,0.002258,,,,,,,,,64.000000,0.037396,,,,,,
,,,,,,,,,,,,,,,,,,,,0.483000,0.631000,0.588000,0.900000,0.805000,0.448000,0.002264,,,,,,,,,65.000000,0.037979,,,,,,
,,,,,,,,,,,,,,,,,,,,0.494000,0.650000,0.598000,0.900000,0.802000,0.461000,0.002328,,,,,,,,,66.000000,0.037109,,,,,,
,,,,,,,,,,,,,,,,,,,,0.496000,0.641000,0.599000,0.900000,0.806000,0.462000,0.002449,,,,,,,,,67.000000,0.037066,,,,,,
,,,,,,,,,,,,,,,,,,,,0.499000,0.651000,0.600000,0.900000,0.802000,0.466000,0.002277,,,,,,,,,68.000000,0.036815,,,,,,
,,,,,,,,,,,,,,,,,,,,0.490000,0.641000,0.598000,0.900000,0.804000,0.457000,0.002233,,,,,,,,,69.000000,0.036902,,,,,,
,,,,,,,,,,,,,,,,,,,,0.495000,0.642000,0.599000,0.900000,0.793000,0.462000,0.002318,,,,,,,,,70.000000,0.037516,,,,,,
,,,,,,,,,,,,,,,,,,,,0.495000,0.641000,0.588000,0.900000,0.807000,0.462000,0.002311,,,,,,,,,71.000000,0.036880,,,,,,
,,,,,,,,,,,,,,,,,,,,0.501000,0.641000,0.602000,0.900000,0.812000,0.467000,0.002388,,,,,,,,,72.000000,0.037128,,,,,,
,,,,,,,,,,,,,,,,,,,,0.489000,0.631000,0.601000,0.900000,0.797000,0.455000,0.002346,,,,,,,,,73.000000,0.036785,,,,,,
,,,,,,,,,,,,,,,,,,,,0.490000,0.632000,0.602000,0.900000,0.801000,0.456000,0.002272,,,,,,,,,74.000000,0.037013,,,,,,
,,,,,,,,,,,,,,,,,,,,0.495000,0.641000,0.602000,0.900000,0.801000,0.462000,0.002271,,,,,,,,,75.000000,0.037715,,,,,,
,,,,,,,,,,,,,,,,,,,,0.498000,0.642000,0.599000,0.900000,0.815000,0.464000,0.002236,,,,,,,,,76.000000,0.036886,,,,,,
,,,,,,,,,,,,,,,,,,,,0.500000,0.641000,0.599000,0.900000,0.818000,0.466000,0.002261,,,,,,,,,77.000000,0.036834,,,,,,
,,,,,,,,,,,,,,,,,,,,0.491000,0.632000,0.590000,0.900000,0.815000,0.456000,0.002379,,,,,,,,,78.000000,0.037247,,,,,,
,,,,,,,,,,,,,,,,,,,,0.491000,0.632000,0.593000,0.900000,0.812000,0.456000,0.002291,,,,,,,,,79.000000,0.036990,,,,,,
,,,,,,,,,,,,,,,,,,,,0.490000,0.632000,0.588000,0.900000,0.804000,0.457000,0.002280,,,,,,,,,80.000000,0.037412,,,,,,
,,,,,,,,,,,,,,,,,,,,0.493000,0.641000,0.590000,0.900000,0.813000,0.460000,0.002278,,,,,,,,,81.000000,0.037100,,,,,,
,,,,,,,,,,,,,,,,,,,,0.488000,0.632000,0.599000,0.900000,0.794000,0.456000,0.002237,,,,,,,,,82.000000,0.036874,,,,,,
,,,,,,,,,,,,,,,,,,,,0.494000,0.632000,0.590000,0.900000,0.805000,0.462000,0.002290,,,,,,,,,83.000000,0.037006,,,,,,
,,,,,,,,,,,,,,,,,,,,0.490000,0.632000,0.587000,0.900000,0.804000,0.457000,0.002362,,,,,,,,,84.000000,0.037095,,,,,,
,,,,,,,,,,,,,,,,,,,,0.490000,0.632000,0.587000,0.900000,0.801000,0.457000,0.002360,,,,,,,,,85.000000,0.037743,,,,,,
,,,,,,,,,,,,,,,,,,,,0.495000,0.632000,0.586000,0.900000,0.801000,0.461000,0.002247,,,,,,,,,86.000000,0.036758,,,,,,
,,,,,,,,,,,,,,,,,,,,0.494000,0.632000,0.588000,0.900000,0.798000,0.462000,0.002341,,,,,,,,,87.000000,0.037016,,,,,,
,,,,,,,,,,,,,,,,,,,,0.493000,0.631000,0.588000,0.900000,0.808000,0.459000,0.002237,,,,,,,,,88.000000,0.037016,,,,,,
,,,,,,,,,,,,,,,,,,,,0.497000,0.641000,0.597000,0.900000,0.808000,0.463000,0.002276,,,,,,,,,89.000000,0.036867,,,,,,
,,,,,,,,,,,,,,,,,,,,0.496000,0.641000,0.599000,0.900000,0.799000,0.464000,0.002363,,,,,,,,,90.000000,0.042668,,,,,,
,,,,,,,,,,,,,,,,,,,,0.491000,0.641000,0.588000,0.900000,0.800000,0.459000,0.002558,,,,,,,,,91.000000,0.041814,,,,,,
,,,,,,,,,,,,,,,,,,,,0.495000,0.641000,0.596000,0.900000,0.799000,0.462000,0.002423,,,,,,,,,92.000000,0.042049,,,,,,
,,,,,,,,,,,,,,,,,,,,0.497000,0.641000,0.599000,0.900000,0.793000,0.465000,0.003119,,,,,,,,,93.000000,0.043155,,,,,,
,,,,,,,,,,,,,,,,,,,,0.494000,0.641000,0.597000,0.900000,0.800000,0.463000,0.002476,,,,,,,,,94.000000,0.042107,,,,,,
,,,,,,,,,,,,,,,,,,,,0.492000,0.632000,0.588000,0.900000,0.801000,0.460000,0.002419,,,,,,,,,95.000000,0.042208,,,,,,
,,,,,,,,,,,,,,,,,,,,0.491000,0.632000,0.599000,0.900000,0.799000,0.458000,0.002396,,,,,,,,,96.000000,0.038408,,,,,,
,,,,,,,,,,,,,,,,,,,,0.492000,0.632000,0.590000,0.900000,0.806000,0.459000,0.002399,,,,,,,,,97.000000,0.039160,,,,,,
,,,,,,,,,,,,,,,,,,,,0.495000,0.641000,0.600000,0.900000,0.807000,0.462000,0.002308,,,,,,,,,98.000000,0.038055,,,,,,
,,,,,,,,,,,,,,,,,,,,0.493000,0.632000,0.589000,0.900000,0.801000,0.460000,0.002542,,,,,,,,,99.000000,0.039090,,,,,,
,,,,,,,,,,,,,,,,,,,,0.494000,0.632000,0.599000,0.900000,0.807000,0.459000,0.002547,,,,,,,,,100.000000,0.040943,,,,,,
100,,,,,,,,,,,,,,,,,,,,,,,,,,,,,,,,,,,,,0.517000,0.680000,0.634000,0.900000,0.794000,0.495000
