epoch,time,train/box_loss,train/cls_loss,train/dfl_loss,metrics/precision(B),metrics/recall(B),metrics/mAP50(B),metrics/mAP50-95(B),val/box_loss,val/cls_loss,val/dfl_loss,lr/pg0,lr/pg1,lr/pg2
1,20.5899,1.43044,4.10449,1.30693,0.00317,0.66667,0.40162,0.24423,1.31941,3.62142,1.10078,0.00032,0.00032,0.00032
2,34.223,1.38105,2.44015,1.16251,0.38048,0.3,0.16712,0.09112,1.395,3.7703,1.29124,0.000659839,0.000659839,0.000659839
3,50.1041,1.47153,2.15038,1.20308,0.11517,0.03333,0.01863,0.0089,1.70248,4.54571,1.73158,0.000999023,0.000999023,0.000999023
4,64.4914,1.48189,1.96332,1.22768,0.18376,0.23333,0.14356,0.04963,1.79809,3.76014,1.69402,0.00133706,0.00133706,0.00133706
5,80.2451,1.4708,1.804,1.20938,0.04465,0.06667,0.00787,0.00293,1.8716,14.3386,1.79943,0.00167344,0.00167344,0.00167344
6,95.7522,1.50826,1.7395,1.24272,0.59446,0.26667,0.30319,0.14469,1.87457,3.32222,1.79526,0.00198781,0.00198781,0.00198781
7,110.854,1.47411,1.60697,1.21113,0.10825,0.23333,0.05972,0.02794,1.95943,6.16848,1.9552,0.00198246,0.00198246,0.00198246
8,125.453,1.49473,1.50745,1.2366,0.13404,0.16667,0.10917,0.03134,1.8119,8.2995,1.70437,0.00197616,0.00197616,0.00197616
9,139.945,1.4532,1.42861,1.21738,0.26762,0.26667,0.26815,0.14383,1.96789,3.41143,1.73786,0.0019689,0.0019689,0.0019689
10,153.604,1.46106,1.38736,1.20962,0.70231,0.36667,0.4256,0.25276,1.66862,4.42829,1.58239,0.00196069,0.00196069,0.00196069
11,168.974,1.41462,1.26338,1.21015,0.70814,0.64732,0.67252,0.36264,1.49151,1.54102,1.33754,0.00195155,0.00195155,0.00195155
12,184.243,1.37443,1.23102,1.15899,0.42471,0.53333,0.43695,0.26637,1.35547,2.47947,1.27496,0.00194147,0.00194147,0.00194147
13,198.528,1.3791,1.21519,1.19704,0.84755,0.56667,0.63988,0.38964,1.38708,2.28086,1.32825,0.00193048,0.00193048,0.00193048
14,213.462,1.36636,1.13051,1.1743,0.81468,0.66667,0.70185,0.352,1.62155,1.81694,1.39576,0.00191858,0.00191858,0.00191858
15,227.996,1.34181,1.16023,1.15996,0.70138,0.4,0.53533,0.28827,1.52492,1.9829,1.41379,0.00190578,0.00190578,0.00190578
16,241.637,1.38451,1.16257,1.17194,0.6032,0.53333,0.51603,0.2877,1.3638,3.14768,1.36571,0.0018921,0.0018921,0.0018921
17,256.011,1.32676,1.08387,1.14164,0.80553,0.6,0.72198,0.39721,1.57033,1.37578,1.48335,0.00187754,0.00187754,0.00187754
18,270.303,1.33016,1.0613,1.13141,0.75426,0.66667,0.64342,0.37084,1.50746,1.48542,1.33293,0.00186213,0.00186213,0.00186213
19,285.134,1.35804,1.08915,1.14905,0.56921,0.79293,0.70343,0.37601,1.54847,1.59735,1.40482,0.00184588,0.00184588,0.00184588
20,297.912,1.32855,0.99226,1.14138,0.7965,0.65269,0.74639,0.40667,1.39326,1.65297,1.34559,0.00182881,0.00182881,0.00182881
21,312.63,1.29215,1.02463,1.14551,0.75189,0.76667,0.75388,0.46651,1.30841,1.21515,1.21902,0.00181093,0.00181093,0.00181093
22,326.879,1.28582,0.9963,1.13994,0.79725,0.76667,0.77206,0.50391,1.10813,1.17287,1.15814,0.00179225,0.00179225,0.00179225
23,341.35,1.28989,1.03118,1.13636,0.87744,0.71628,0.84011,0.54832,1.16684,0.94159,1.11637,0.00177281,0.00177281,0.00177281
24,355.962,1.19101,0.94645,1.10419,0.89757,0.7,0.81283,0.42996,1.40589,1.15731,1.17232,0.00175261,0.00175261,0.00175261
25,370.156,1.22691,1.00645,1.10389,0.73137,0.54486,0.68212,0.44475,1.29301,1.25664,1.18153,0.00173168,0.00173168,0.00173168
26,383.885,1.14346,0.9194,1.08347,0.87406,0.69426,0.74725,0.48743,1.34435,1.2897,1.21253,0.00171004,0.00171004,0.00171004
27,397.758,1.21136,0.95791,1.10174,0.95618,0.7275,0.8303,0.50832,1.16665,1.08794,1.18446,0.0016877,0.0016877,0.0016877
28,411.619,1.2084,0.94162,1.1042,0.83774,0.8,0.82856,0.53267,1.17315,0.89282,1.15975,0.0016647,0.0016647,0.0016647
29,425.554,1.1619,0.88634,1.08228,0.84466,0.76667,0.78258,0.46575,1.22704,1.01982,1.12961,0.00164105,0.00164105,0.00164105
30,439.675,1.13258,0.85936,1.05278,0.84532,0.8,0.81279,0.52591,1.14474,0.89166,1.12612,0.00161678,0.00161678,0.00161678
31,453.464,1.14845,0.85515,1.09354,0.90729,0.8,0.85904,0.5509,1.26516,0.93012,1.20031,0.00159191,0.00159191,0.00159191
32,468.204,1.23698,0.90956,1.11035,0.78431,0.76667,0.80013,0.52933,1.15028,1.01822,1.13409,0.00156646,0.00156646,0.00156646
33,481.96,1.18409,0.88182,1.08077,0.87578,0.76667,0.84204,0.5433,1.10859,0.95872,1.06396,0.00154047,0.00154047,0.00154047
34,496.513,1.14943,0.92647,1.09732,0.9823,0.7,0.87284,0.5267,1.19917,1.07142,1.1396,0.00151395,0.00151395,0.00151395
35,510.352,1.20976,0.88126,1.08363,0.81309,0.87011,0.87553,0.5744,1.20062,0.82299,1.10013,0.00148694,0.00148694,0.00148694
36,525.755,1.1334,0.82907,1.06887,0.89201,0.82624,0.85101,0.57015,1.09,0.84838,1.13965,0.00145945,0.00145945,0.00145945
37,540.03,1.07853,0.79591,1.0237,0.84905,0.7,0.83171,0.56516,1.11519,0.85449,1.0932,0.00143152,0.00143152,0.00143152
38,554.046,1.11345,0.83942,1.04269,0.77654,0.7,0.78521,0.53437,0.99189,0.94021,1.04518,0.00140318,0.00140318,0.00140318
39,568.187,1.09135,0.80662,1.04795,1,0.66324,0.82294,0.52645,1.25863,0.95288,1.08974,0.00137444,0.00137444,0.00137444
40,582.406,1.12005,0.82156,1.04113,0.95433,0.69673,0.77887,0.50317,1.14142,0.92186,1.08762,0.00134535,0.00134535,0.00134535
41,596.656,1.06408,0.77324,1.02659,0.87659,0.73333,0.81039,0.56214,1.01342,0.74642,1.02675,0.00131593,0.00131593,0.00131593
42,610.979,1.08747,0.79004,1.05431,0.87284,0.66667,0.77606,0.4975,1.09531,1.01745,1.11971,0.0012862,0.0012862,0.0012862
43,625.281,1.07648,0.75886,1.05828,0.88003,0.83333,0.82824,0.57852,0.97943,0.88675,1.0606,0.0012562,0.0012562,0.0012562
44,640.291,1.11709,0.77572,1.06012,0.86277,0.86667,0.87154,0.55734,1.00579,0.84929,1.05164,0.00122596,0.00122596,0.00122596
45,655.266,1.03558,0.78431,1.03193,0.82013,0.76011,0.78904,0.53704,1.01594,0.82474,1.05783,0.00119551,0.00119551,0.00119551
46,669.718,1.07042,0.7443,1.01191,0.86201,0.8,0.80042,0.50958,1.07378,0.95576,1.06405,0.00116487,0.00116487,0.00116487
47,683.944,1.07398,0.7472,1.01035,0.77251,0.83333,0.78235,0.54632,1.03116,0.85866,1.04575,0.00113408,0.00113408,0.00113408
48,698.001,1.03142,0.74188,1.03901,0.89206,0.82667,0.83664,0.56256,1.15669,0.87879,1.08033,0.00110317,0.00110317,0.00110317
49,712.718,1.07528,0.77151,1.04939,0.88997,0.8091,0.81793,0.55754,1.0286,0.98769,1.05648,0.00107216,0.00107216,0.00107216
50,726.978,1.03831,0.72795,1.02725,0.88493,0.76909,0.80547,0.57266,0.97813,0.89998,1.04666,0.0010411,0.0010411,0.0010411
51,741.291,1.00031,0.71264,1.00877,0.85867,0.83333,0.82984,0.60034,0.94064,0.82796,1.07847,0.00101,0.00101,0.00101
52,756.143,1.03391,0.69996,1.01985,0.89528,0.85523,0.9067,0.59024,1.04427,0.81263,1.04594,0.000978903,0.000978903,0.000978903
53,770.333,1.01492,0.70394,1.00949,0.89307,0.83521,0.86457,0.60735,1.07411,0.82863,1.02484,0.000947837,0.000947837,0.000947837
54,785.183,1.00519,0.71428,1.02326,0.9202,0.83333,0.8611,0.60943,1.05143,0.77018,0.99767,0.000916833,0.000916833,0.000916833
55,800.599,0.97573,0.69435,0.99854,1,0.86449,0.92906,0.61785,1.01146,0.7062,1.00533,0.00088592,0.00088592,0.00088592
56,815.348,0.96509,0.68848,1.0079,0.95783,0.93333,0.93017,0.64776,0.92526,0.64133,0.98209,0.00085513,0.00085513,0.00085513
57,830.253,0.99632,0.6818,1.00219,0.95442,0.93333,0.9281,0.63354,1.07569,0.70426,1.07097,0.000824492,0.000824492,0.000824492
58,844.389,1.01537,0.67692,1.00727,0.92694,0.93333,0.90991,0.65583,0.98857,0.6723,0.99778,0.000794038,0.000794038,0.000794038
59,859.135,0.98529,0.70712,1.01702,0.96,0.9,0.93637,0.65987,0.93465,0.61335,0.97944,0.000763797,0.000763797,0.000763797
60,873.354,0.97324,0.67279,1.01387,0.96539,0.92988,0.92914,0.68388,0.94938,0.61757,0.99321,0.000733799,0.000733799,0.000733799
61,888.28,0.95427,0.62213,0.96935,0.96426,0.93333,0.92569,0.66301,0.88358,0.60297,0.96865,0.000704073,0.000704073,0.000704073
62,902.508,0.98047,0.6872,1.01059,0.96154,0.86667,0.93312,0.67591,0.8746,0.63208,0.9743,0.000674649,0.000674649,0.000674649
63,916.758,0.92867,0.60512,0.97566,0.96284,0.86382,0.8902,0.67815,0.87905,0.64475,0.97586,0.000645557,0.000645557,0.000645557
64,931.162,0.97519,0.67014,1.01481,0.91712,0.9,0.91274,0.66885,0.88097,0.63402,0.97636,0.000616824,0.000616824,0.000616824
65,943.966,0.9376,0.64268,0.99877,0.93278,0.92528,0.94955,0.68846,0.90244,0.56918,0.9556,0.000588479,0.000588479,0.000588479
66,958.56,0.94855,0.6144,0.98144,1,0.89608,0.94939,0.67746,0.89106,0.59686,0.96092,0.000560549,0.000560549,0.000560549
67,971.863,0.95184,0.62585,0.98399,0.99789,0.86667,0.929,0.65428,0.93725,0.63033,0.96937,0.000533064,0.000533064,0.000533064
68,985.309,0.92383,0.62455,0.98381,0.90602,0.8,0.86421,0.64336,0.88332,0.67873,0.95715,0.000506049,0.000506049,0.000506049
69,999.513,0.90323,0.5917,0.96492,0.8506,0.83333,0.85896,0.64691,0.84742,0.67488,0.95332,0.000479531,0.000479531,0.000479531
70,1013.32,0.90676,0.60481,0.9689,0.84625,0.9176,0.89595,0.66092,0.84761,0.65959,0.97399,0.000453537,0.000453537,0.000453537
71,1027.31,0.89284,0.58612,0.97309,0.89223,0.86667,0.90606,0.68073,0.83922,0.63826,0.96616,0.000428093,0.000428093,0.000428093
72,1041.64,0.92245,0.59518,0.95982,0.96148,0.83202,0.91234,0.64378,0.90882,0.6338,0.98166,0.000403222,0.000403222,0.000403222
73,1055.77,0.87611,0.5835,0.95379,0.96288,0.86474,0.92947,0.67011,0.87687,0.57123,0.9706,0.00037895,0.00037895,0.00037895
74,1069.56,0.8579,0.57154,0.9512,0.95915,0.9,0.92541,0.66569,0.91231,0.60285,0.98422,0.000355301,0.000355301,0.000355301
75,1083.93,0.88536,0.59442,0.97536,0.95336,0.86667,0.92248,0.67532,0.88952,0.62083,0.98489,0.000332298,0.000332298,0.000332298
76,1098.88,0.91786,0.60826,0.97871,0.90068,0.90701,0.92563,0.68456,0.84806,0.60388,0.96714,0.000309964,0.000309964,0.000309964
77,1114.59,0.85727,0.58968,0.94871,0.9444,0.9,0.93689,0.69595,0.84406,0.56557,0.95487,0.000288321,0.000288321,0.000288321
78,1130.16,0.82526,0.56402,0.95615,0.95625,0.86667,0.9306,0.65473,0.86067,0.57109,0.95467,0.00026739,0.00026739,0.00026739
79,1145.59,0.84004,0.56256,0.9463,0.95962,0.86667,0.92576,0.67484,0.82878,0.56361,0.94281,0.000247192,0.000247192,0.000247192
80,1161.07,0.85828,0.5354,0.96109,0.96516,0.9236,0.92914,0.6847,0.79999,0.56376,0.93617,0.000227747,0.000227747,0.000227747
81,1176.14,0.83981,0.55101,0.96268,0.96425,0.89917,0.9233,0.65839,0.84007,0.59614,0.95252,0.000209073,0.000209073,0.000209073
82,1191.49,0.86428,0.56212,0.94729,0.96427,0.8996,0.91001,0.67844,0.8165,0.61141,0.94658,0.00019119,0.00019119,0.00019119
83,1207.16,0.84535,0.53557,0.94392,0.9603,0.9,0.91149,0.69421,0.83083,0.57474,0.94982,0.000174115,0.000174115,0.000174115
84,1222.75,0.85947,0.54696,0.95554,0.96384,0.9,0.92236,0.70234,0.80728,0.56901,0.94368,0.000157865,0.000157865,0.000157865
85,1239.36,0.80037,0.52369,0.93857,0.96418,0.8973,0.92536,0.71674,0.80011,0.56914,0.94621,0.000142456,0.000142456,0.000142456
86,1256.18,0.85016,0.5656,0.9491,0.96413,0.89614,0.9233,0.70472,0.80318,0.57635,0.94316,0.000127904,0.000127904,0.000127904
87,1272.34,0.82417,0.54687,0.94162,0.96418,0.89722,0.89036,0.69395,0.79021,0.55556,0.93538,0.000114221,0.000114221,0.000114221
88,1288.18,0.8184,0.52707,0.93362,0.96415,0.89649,0.92536,0.70464,0.80401,0.55345,0.93807,0.000101423,0.000101423,0.000101423
89,1303.73,0.7941,0.51807,0.93353,0.96414,0.89626,0.92899,0.69588,0.80882,0.56163,0.93588,8.95213e-05,8.95213e-05,8.95213e-05
90,1318.45,0.77251,0.49034,0.92742,0.95906,0.86667,0.92647,0.68876,0.83459,0.55414,0.94234,7.8528e-05,7.8528e-05,7.8528e-05
91,1341.67,0.80057,0.51113,0.92837,0.96268,0.9,0.92756,0.68675,0.83582,0.54752,0.95139,6.8454e-05,6.8454e-05,6.8454e-05
92,1356.92,0.76793,0.46803,0.91432,0.96206,0.9,0.92537,0.6875,0.82862,0.5595,0.95106,5.93093e-05,5.93093e-05,5.93093e-05
93,1372.12,0.72849,0.46217,0.89463,0.96298,0.9,0.92687,0.67015,0.82715,0.56307,0.95358,5.11027e-05,5.11027e-05,5.11027e-05
94,1387.95,0.76877,0.46152,0.91685,0.96423,0.89867,0.92893,0.68509,0.80284,0.5438,0.95305,4.38424e-05,4.38424e-05,4.38424e-05
95,1402.91,0.74794,0.44616,0.91027,0.96512,0.9225,0.93259,0.68812,0.81293,0.55044,0.95629,3.75356e-05,3.75356e-05,3.75356e-05
96,1417.77,0.73941,0.46766,0.90713,0.96263,0.9,0.93006,0.68747,0.82888,0.53603,0.96053,3.21885e-05,3.21885e-05,3.21885e-05
97,1432.87,0.74046,0.45588,0.89732,0.96142,0.9,0.93006,0.68972,0.83087,0.53705,0.95833,2.78064e-05,2.78064e-05,2.78064e-05
98,1447.73,0.74221,0.46249,0.91701,0.96409,0.89495,0.93006,0.69225,0.81431,0.5298,0.95274,2.43937e-05,2.43937e-05,2.43937e-05
99,1462.46,0.73568,0.46011,0.91836,0.96292,0.9,0.93006,0.68695,0.82094,0.52799,0.95553,2.19535e-05,2.19535e-05,2.19535e-05
100,1477.52,0.73491,0.44984,0.89158,0.96075,0.9,0.92893,0.68637,0.82089,0.53483,0.95664,2.04885e-05,2.04885e-05,2.04885e-05
